"00_000.wav","rain"
"00_001.wav","rain"
"00_002.wav","rain"
"00_003.wav","rain"
"00_004.wav","rain"
"00_005.wav","rain"
"00_006.wav","rain"
"00_007.wav","rain"
"00_008.wav","rain"
"00_009.wav","rain"
"00_010.wav","rain"
"00_011.wav","rain"
"00_012.wav","rain"
"00_013.wav","rain"
"00_014.wav","rain"
"00_015.wav","rain"
"00_016.wav","rain"
"00_017.wav","rain"
"00_018.wav","rain"
"00_019.wav","rain"
"00_020.wav","rain"
"00_021.wav","rain"
"00_022.wav","rain"
"00_023.wav","rain"
"00_024.wav","rain"
"00_025.wav","rain"
"00_026.wav","rain"
"00_027.wav","rain"
"00_028.wav","rain"
"00_029.wav","rain"
"00_030.wav","rain"
"00_031.wav","rain"
"00_032.wav","rain"
"00_033.wav","rain"
"00_034.wav","rain"
"00_035.wav","rain"
"00_036.wav","rain"
"00_037.wav","rain"
"00_038.wav","rain"
"00_039.wav","rain"
"00_040.wav","rain"
"00_041.wav","rain"
"00_042.wav","rain"
"00_043.wav","rain"
"00_044.wav","rain"
"00_045.wav","rain"
"00_046.wav","rain"
"00_047.wav","rain"
"00_048.wav","rain"
"00_049.wav","rain"
"00_050.wav","rain"
"00_051.wav","rain"
"00_052.wav","rain"
"00_053.wav","rain"
"00_054.wav","rain"
"00_055.wav","rain"
"00_056.wav","rain"
"00_057.wav","rain"
"00_058.wav","rain"
"00_059.wav","rain"
"00_060.wav","rain"
"00_061.wav","rain"
"00_062.wav","rain"
"00_063.wav","rain"
"00_064.wav","rain"
"00_065.wav","rain"
"00_066.wav","rain"
"00_067.wav","rain"
"00_068.wav","rain"
"00_069.wav","rain"
"00_070.wav","rain"
"00_071.wav","rain"
"00_072.wav","rain"
"00_073.wav","rain"
"00_074.wav","rain"
"00_075.wav","rain"
"00_076.wav","rain"
"00_077.wav","rain"
"00_078.wav","rain"
"00_079.wav","rain"
"00_080.wav","rain"
"00_081.wav","rain"
"00_082.wav","rain"
"00_083.wav","rain"
"00_084.wav","rain"
"00_085.wav","rain"
"00_086.wav","rain"
"00_087.wav","rain"
"00_088.wav","rain"
"00_089.wav","rain"
"00_090.wav","rain"
"00_091.wav","rain"
"00_092.wav","rain"
"00_093.wav","rain"
"00_094.wav","rain"
"00_095.wav","rain"
"00_096.wav","rain"
"00_097.wav","rain"
"00_098.wav","rain"
"00_099.wav","rain"
"00_100.wav","rain"
"00_101.wav","rain"
"00_102.wav","rain"
"00_103.wav","rain"
"00_104.wav","rain"
"00_105.wav","rain"
"00_106.wav","rain"
"00_107.wav","rain"
"00_108.wav","rain"
"00_109.wav","rain"
"00_110.wav","rain"
"00_111.wav","rain"
"00_112.wav","rain"
"00_113.wav","rain"
"00_114.wav","rain"
"00_115.wav","rain"
"00_116.wav","rain"
"00_117.wav","rain"
"00_118.wav","rain"
"00_119.wav","rain"
"00_120.wav","rain"
"01%03d_000.wav","animals"
"01%03d_001.wav","animals"
"01%03d_002.wav","animals"
"01%03d_003.wav","animals"
"01%03d_004.wav","animals"
"01%03d_005.wav","animals"
"01%03d_006.wav","animals"
"01%03d_007.wav","animals"
"01%03d_008.wav","animals"
"01%03d_009.wav","animals"
"01%03d_010.wav","animals"
"01%03d_011.wav","animals"
"01%03d_012.wav","animals"
"01%03d_013.wav","animals"
"01%03d_014.wav","animals"
"01%03d_015.wav","animals"
"01%03d_016.wav","animals"
"01%03d_017.wav","animals"
"01%03d_018.wav","animals"
"01%03d_019.wav","animals"
"01%03d_020.wav","animals"
"01%03d_021.wav","animals"
"01%03d_022.wav","animals"
"01%03d_023.wav","animals"
"01%03d_024.wav","animals"
"01%03d_025.wav","animals"
"01%03d_026.wav","animals"
"01%03d_027.wav","animals"
"01%03d_028.wav","animals"
"01%03d_029.wav","animals"
"01%03d_030.wav","animals"
"01%03d_031.wav","animals"
"01%03d_032.wav","animals"
"01%03d_033.wav","animals"
"01%03d_034.wav","animals"
"01%03d_035.wav","animals"
"01%03d_036.wav","animals"
"01%03d_037.wav","animals"
"01%03d_038.wav","animals"
"01%03d_039.wav","animals"
"01%03d_040.wav","animals"
"01%03d_041.wav","animals"
"01%03d_042.wav","animals"
"01%03d_043.wav","animals"
"01%03d_044.wav","animals"
"01%03d_045.wav","animals"
"01%03d_046.wav","animals"
"01%03d_047.wav","animals"
"01%03d_048.wav","animals"
"01%03d_049.wav","animals"
"01%03d_050.wav","animals"
"01%03d_051.wav","animals"
"01%03d_052.wav","animals"
"01%03d_053.wav","animals"
"01%03d_054.wav","animals"
"01%03d_055.wav","animals"
"01%03d_056.wav","animals"
"01%03d_057.wav","animals"
"01%03d_058.wav","animals"
"01%03d_059.wav","animals"
"01%03d_060.wav","animals"
"01%03d_061.wav","animals"
"01%03d_062.wav","animals"
"01%03d_063.wav","animals"
"01%03d_064.wav","animals"
"01%03d_065.wav","animals"
"01%03d_066.wav","animals"
"01%03d_067.wav","animals"
"01%03d_068.wav","animals"
"01%03d_069.wav","animals"
"01%03d_070.wav","animals"
"01%03d_071.wav","animals"
"01%03d_072.wav","animals"
"01%03d_073.wav","animals"
"01%03d_074.wav","animals"
"01%03d_075.wav","animals"
"01%03d_076.wav","animals"
"01%03d_077.wav","animals"
"01%03d_078.wav","animals"
"01%03d_079.wav","animals"
"01%03d_080.wav","animals"
"01%03d_081.wav","animals"
"01%03d_082.wav","animals"
"01%03d_083.wav","animals"
"01%03d_084.wav","animals"
"01%03d_085.wav","animals"
"01%03d_086.wav","animals"
"01%03d_087.wav","animals"
"01%03d_088.wav","animals"
"01%03d_089.wav","animals"
"01%03d_090.wav","animals"
"01%03d_091.wav","animals"
"01%03d_092.wav","animals"
"01%03d_093.wav","animals"
"01%03d_094.wav","animals"
"01%03d_095.wav","animals"
"01%03d_096.wav","animals"
"01%03d_097.wav","animals"
"01%03d_098.wav","animals"
"01%03d_099.wav","animals"
"01%03d_100.wav","animals"
"01%03d_101.wav","animals"
"01%03d_102.wav","animals"
"01%03d_103.wav","animals"
"01%03d_104.wav","animals"
"01%03d_105.wav","animals"
"01%03d_106.wav","animals"
"01%03d_107.wav","animals"
"01%03d_108.wav","animals"
"01%03d_109.wav","animals"
"01%03d_110.wav","animals"
"01%03d_111.wav","animals"
"01%03d_112.wav","animals"
"01%03d_113.wav","animals"
"01%03d_114.wav","animals"
"01%03d_115.wav","animals"
"01%03d_116.wav","animals"
"01%03d_117.wav","animals"
"01%03d_118.wav","animals"
"01%03d_119.wav","animals"
"01%03d_120.wav","animals"
